****,high qualif/self emp/mgmt,skilled,unskilled resident,unemp/unskilled non res,
real estate|bad|,0.0851063829787234,0.553191489361702,0.319148936170213,0.0425531914893617,
life insurance|bad|,0.113207547169811,0.69811320754717,0.169811320754717,0.0188679245283019,
no known property|good|,0.328358208955224,0.582089552238806,0.0298507462686567,0.0597014925373134,
car|good|,0.178947368421053,0.726315789473684,0.0842105263157895,0.0105263157894737,
real estate|good|,0.0555555555555556,0.583333333333333,0.338888888888889,0.0222222222222222,
life insurance|good|,0.108527131782946,0.627906976744186,0.248062015503876,0.0155038759689922,
car|bad|,0.175,0.6375,0.175,0.0125,
no known property|bad|,0.333333333333333,0.5,0.12962962962963,0.037037037037037,
