****,critical/other existing credit,existing paid,all paid,delayed previously,no credits/all paid,
yes|bad|,0.164705882352941,0.505882352941176,0.0941176470588235,0.141176470588235,0.0941176470588235,
none|bad|,0.154362416107383,0.624161073825503,0.087248322147651,0.0604026845637584,0.0738255033557047,
yes|good|,0.354700854700855,0.525641025641026,0.0256410256410256,0.0811965811965812,0.0128205128205128,
none|good|,0.325301204819277,0.533132530120482,0.036144578313253,0.0753012048192771,0.0301204819277108,
