****,real estate,life insurance,car,no known property,
bad|,0.200854700854701,0.226495726495727,0.341880341880342,0.230769230769231,
good|,0.318021201413428,0.22791519434629,0.335689045936396,0.118374558303887,
