****,yes,none,
high qualif/self emp/mgmt|bad|,0.833333333333333,0.166666666666667,
skilled|bad|,0.290780141843972,0.709219858156028,
skilled|good|,0.396694214876033,0.603305785123967,
unskilled resident|good|,0.153153153153153,0.846846846846847,
high qualif/self emp/mgmt|good|,0.8625,0.1375,
unemp/unskilled non res|good|,0.333333333333333,0.666666666666667,
unskilled resident|bad|,0.177777777777778,0.822222222222222,
unemp/unskilled non res|bad|,0.166666666666667,0.833333333333333,
