****,1<=X<4,>=7,unemployed,<1,4<=X<7,
high qualif/self emp/mgmt|bad|,0.214285714285714,0.404761904761905,0.214285714285714,0.119047619047619,0.0476190476190476,
skilled|bad|,0.404255319148936,0.184397163120567,0.0354609929078014,0.212765957446809,0.163120567375887,
skilled|good|,0.349862258953168,0.289256198347107,0.0165289256198347,0.151515151515152,0.192837465564738,
unskilled resident|good|,0.378378378378378,0.216216216216216,0.00900900900900901,0.171171171171171,0.225225225225225,
high qualif/self emp/mgmt|good|,0.1625,0.3625,0.175,0.1,0.2,
unemp/unskilled non res|good|,0,0,0.75,0.25,0,
unskilled resident|bad|,0.422222222222222,0.133333333333333,0,0.333333333333333,0.111111111111111,
unemp/unskilled non res|bad|,0,0,0.833333333333333,0.166666666666667,0,
