****,furniture/equipment,business,new car,used car,radio/tv,education,other,repairs,
rent|bad|,0.320754716981132,0.169811320754717,0.226415094339623,0.0566037735849057,0.150943396226415,0.0377358490566038,0.0188679245283019,0.0188679245283019,
own|bad|,0.213793103448276,0.0896551724137931,0.317241379310345,0.0206896551724138,0.248275862068966,0.0482758620689655,0.0344827586206897,0.0275862068965517,
for free|good|,0.122448979591837,0.0408163265306122,0.224489795918367,0.285714285714286,0.142857142857143,0.122448979591837,0.0408163265306122,0.0204081632653061,
own|good|,0.173396674584323,0.104513064133017,0.209026128266033,0.0997624703087886,0.318289786223278,0.0308788598574822,0.0403800475059382,0.0237529691211401,
rent|good|,0.270833333333333,0.0416666666666667,0.197916666666667,0.166666666666667,0.239583333333333,0.0625,0.0104166666666667,0.0104166666666667,
for free|bad|,0.0833333333333333,0.0833333333333333,0.305555555555556,0.25,0.0833333333333333,0.111111111111111,0.0277777777777778,0.0555555555555556,
