****,male div/sep,female div/dep/mar,male mar/wid,male single,
rent|bad|,0.0943396226415094,0.584905660377358,0.0566037735849057,0.264150943396226,
own|bad|,0.0758620689655172,0.337931034482759,0.117241379310345,0.468965517241379,
for free|good|,0.0204081632653061,0.142857142857143,0.0204081632653061,0.816326530612245,
own|good|,0.0475059382422803,0.256532066508314,0.0855106888361045,0.610451306413302,
rent|good|,0,0.53125,0.15625,0.3125,
for free|bad|,0,0.194444444444444,0,0.805555555555556,
