****,rent,own,for free,
real estate|bad|,0.25531914893617,0.723404255319149,0.0212765957446809,
life insurance|bad|,0.226415094339623,0.754716981132076,0.0188679245283019,
no known property|good|,0.119402985074627,0.17910447761194,0.701492537313433,
car|good|,0.142105263157895,0.852631578947368,0.00526315789473684,
real estate|good|,0.183333333333333,0.816666666666667,0,
life insurance|good|,0.217054263565891,0.775193798449612,0.00775193798449612,
car|bad|,0.2625,0.7375,0,
no known property|bad|,0.148148148148148,0.222222222222222,0.62962962962963,
